{
  "metadata": {
    "name": "Widget Home Screenpop",
    "description": "Widget Home Screenpop",
    "tags": "demo, widget, example, other",
    "library": "widget-home-screenpop",
    "version": "1.0.0",
    "date": "2021-01-18T10:47:00.665Z",
    "id": "e1733e96-320b-4bf7-b675-c9f506bbdc1c"
  },
  "configuration": {
    "external": true,
    "timeout": 5000,
    "serie": true,
    "name": "e1733e96-320b-4bf7-b675-c9f506bbdc1c",
    "element": "<widget-home-screenpop></widget-home-screenpop>",
    "icon": "aoc-home",
    "files": [ "widget-home-screenpop/widget-home-screenpop.css", "widget-home-screenpop/widget-home-screenpop.js" ]
  }
}